file,label,processed_path,transcript_path
audio3.mp3,human,data/processed/human/audio3_processed.wav,data/transcripts/human/audio3.txt
260_123440_000023_000001.wav,human,data/processed/human/260_123440_000023_000001_processed.wav,data/transcripts/human/260_123440_000023_000001.txt
1462_170145_000028_000002.wav,human,data/processed/human/1462_170145_000028_000002_processed.wav,data/transcripts/human/1462_170145_000028_000002.txt
8297_275155_000028_000002.wav,human,data/processed/human/8297_275155_000028_000002_processed.wav,data/transcripts/human/8297_275155_000028_000002.txt
8297_275156_000009_000002.wav,human,data/processed/human/8297_275156_000009_000002_processed.wav,data/transcripts/human/8297_275156_000009_000002.txt
6313_66129_000020_000002.wav,human,data/processed/human/6313_66129_000020_000002_processed.wav,data/transcripts/human/6313_66129_000020_000002.txt
4507_16021_000036_000000.wav,human,data/processed/human/4507_16021_000036_000000_processed.wav,data/transcripts/human/4507_16021_000036_000000.txt
8463_294825_000021_000001.wav,human,data/processed/human/8463_294825_000021_000001_processed.wav,data/transcripts/human/8463_294825_000021_000001.txt
4446_2275_000024_000000.wav,human,data/processed/human/4446_2275_000024_000000_processed.wav,data/transcripts/human/4446_2275_000024_000000.txt
7976_105575_000007_000000.wav,human,data/processed/human/7976_105575_000007_000000_processed.wav,data/transcripts/human/7976_105575_000007_000000.txt
121_127105_000036_000001.wav,human,data/processed/human/121_127105_000036_000001_processed.wav,data/transcripts/human/121_127105_000036_000001.txt
174_168635_000042_000004.wav,human,data/processed/human/174_168635_000042_000004_processed.wav,data/transcripts/human/174_168635_000042_000004.txt
2428_83699_000042_000001.wav,human,data/processed/human/2428_83699_000042_000001_processed.wav,data/transcripts/human/2428_83699_000042_000001.txt
6345_93306_000056_000001.wav,human,data/processed/human/6345_93306_000056_000001_processed.wav,data/transcripts/human/6345_93306_000056_000001.txt
2277_149896_000016_000009.wav,human,data/processed/human/2277_149896_000016_000009_processed.wav,data/transcripts/human/2277_149896_000016_000009.txt
251_137823_000024_000000.wav,human,data/processed/human/251_137823_000024_000000_processed.wav,data/transcripts/human/251_137823_000024_000000.txt
8455_210777_000084_000002.wav,human,data/processed/human/8455_210777_000084_000002_processed.wav,data/transcripts/human/8455_210777_000084_000002.txt
2086_149214_000007_000001.wav,human,data/processed/human/2086_149214_000007_000001_processed.wav,data/transcripts/human/2086_149214_000007_000001.txt
1995_1837_000025_000000.wav,human,data/processed/human/1995_1837_000025_000000_processed.wav,data/transcripts/human/1995_1837_000025_000000.txt
audio10.mp3,human,data/processed/human/audio10_processed.wav,data/transcripts/human/audio10.txt
1988_24833_000050_000000.wav,human,data/processed/human/1988_24833_000050_000000_processed.wav,data/transcripts/human/1988_24833_000050_000000.txt
audio38.mp3,human,data/processed/human/audio38_processed.wav,data/transcripts/human/audio38.txt
3752_4944_000039_000000.wav,human,data/processed/human/3752_4944_000039_000000_processed.wav,data/transcripts/human/3752_4944_000039_000000.txt
5536_43358_000021_000000.wav,human,data/processed/human/5536_43358_000021_000000_processed.wav,data/transcripts/human/5536_43358_000021_000000.txt
5105_28241_000005_000004.wav,human,data/processed/human/5105_28241_000005_000004_processed.wav,data/transcripts/human/5105_28241_000005_000004.txt
4970_29095_000032_000001.wav,human,data/processed/human/4970_29095_000032_000001_processed.wav,data/transcripts/human/4970_29095_000032_000001.txt
1462_170142_000001_000002.wav,human,data/processed/human/1462_170142_000001_000002_processed.wav,data/transcripts/human/1462_170142_000001_000002.txt
4446_2275_000029_000000.wav,human,data/processed/human/4446_2275_000029_000000_processed.wav,data/transcripts/human/4446_2275_000029_000000.txt
4446_2273_000005_000000.wav,human,data/processed/human/4446_2273_000005_000000_processed.wav,data/transcripts/human/4446_2273_000005_000000.txt
3570_5694_000009_000002.wav,human,data/processed/human/3570_5694_000009_000002_processed.wav,data/transcripts/human/3570_5694_000009_000002.txt
2902_9008_000039_000001.wav,human,data/processed/human/2902_9008_000039_000001_processed.wav,data/transcripts/human/2902_9008_000039_000001.txt
1673_143397_000004_000005.wav,human,data/processed/human/1673_143397_000004_000005_processed.wav,data/transcripts/human/1673_143397_000004_000005.txt
6241_61946_000022_000002.wav,human,data/processed/human/6241_61946_000022_000002_processed.wav,data/transcripts/human/6241_61946_000022_000002.txt
4077_13751_000020_000003.wav,human,data/processed/human/4077_13751_000020_000003_processed.wav,data/transcripts/human/4077_13751_000020_000003.txt
3000_15664_000020_000002.wav,human,data/processed/human/3000_15664_000020_000002_processed.wav,data/transcripts/human/3000_15664_000020_000002.txt
7976_110124_000059_000000.wav,human,data/processed/human/7976_110124_000059_000000_processed.wav,data/transcripts/human/7976_110124_000059_000000.txt
2961_961_000023_000006.wav,human,data/processed/human/2961_961_000023_000006_processed.wav,data/transcripts/human/2961_961_000023_000006.txt
84_121550_000130_000000.wav,human,data/processed/human/84_121550_000130_000000_processed.wav,data/transcripts/human/84_121550_000130_000000.txt
2412_153954_000007_000003.wav,human,data/processed/human/2412_153954_000007_000003_processed.wav,data/transcripts/human/2412_153954_000007_000003.txt
121_127105_000010_000001.wav,human,data/processed/human/121_127105_000010_000001_processed.wav,data/transcripts/human/121_127105_000010_000001.txt
3570_5694_000010_000007.wav,human,data/processed/human/3570_5694_000010_000007_processed.wav,data/transcripts/human/3570_5694_000010_000007.txt
237_134500_000035_000007.wav,human,data/processed/human/237_134500_000035_000007_processed.wav,data/transcripts/human/237_134500_000035_000007.txt
1089_134691_000044_000001.wav,human,data/processed/human/1089_134691_000044_000001_processed.wav,data/transcripts/human/1089_134691_000044_000001.txt
2277_149896_000007_000008.wav,human,data/processed/human/2277_149896_000007_000008_processed.wav,data/transcripts/human/2277_149896_000007_000008.txt
84_121550_000304_000000.wav,human,data/processed/human/84_121550_000304_000000_processed.wav,data/transcripts/human/84_121550_000304_000000.txt
1188_133604_000062_000001.wav,human,data/processed/human/1188_133604_000062_000001_processed.wav,data/transcripts/human/1188_133604_000062_000001.txt
6313_66129_000020_000000.wav,human,data/processed/human/6313_66129_000020_000000_processed.wav,data/transcripts/human/6313_66129_000020_000000.txt
2428_83705_000001_000005.wav,human,data/processed/human/2428_83705_000001_000005_processed.wav,data/transcripts/human/2428_83705_000001_000005.txt
audio39.mp3,human,data/processed/human/audio39_processed.wav,data/transcripts/human/audio39.txt
audio29.mp3,human,data/processed/human/audio29_processed.wav,data/transcripts/human/audio29.txt
audio5.mp3,human,data/processed/human/audio5_processed.wav,data/transcripts/human/audio5.txt
1995_1836_000003_000003.wav,human,data/processed/human/1995_1836_000003_000003_processed.wav,data/transcripts/human/1995_1836_000003_000003.txt
5639_40744_000008_000002.wav,human,data/processed/human/5639_40744_000008_000002_processed.wav,data/transcripts/human/5639_40744_000008_000002.txt
1580_141083_000078_000000.wav,human,data/processed/human/1580_141083_000078_000000_processed.wav,data/transcripts/human/1580_141083_000078_000000.txt
5683_32865_000006_000000.wav,human,data/processed/human/5683_32865_000006_000000_processed.wav,data/transcripts/human/5683_32865_000006_000000.txt
1993_147965_000007_000001.wav,human,data/processed/human/1993_147965_000007_000001_processed.wav,data/transcripts/human/1993_147965_000007_000001.txt
3570_5694_000010_000003.wav,human,data/processed/human/3570_5694_000010_000003_processed.wav,data/transcripts/human/3570_5694_000010_000003.txt
7021_85628_000006_000000.wav,human,data/processed/human/7021_85628_000006_000000_processed.wav,data/transcripts/human/7021_85628_000006_000000.txt
1580_141083_000056_000011.wav,human,data/processed/human/1580_141083_000056_000011_processed.wav,data/transcripts/human/1580_141083_000056_000011.txt
4507_16021_000035_000009.wav,human,data/processed/human/4507_16021_000035_000009_processed.wav,data/transcripts/human/4507_16021_000035_000009.txt
4970_29095_000049_000001.wav,human,data/processed/human/4970_29095_000049_000001_processed.wav,data/transcripts/human/4970_29095_000049_000001.txt
1462_170145_000006_000001.wav,human,data/processed/human/1462_170145_000006_000001_processed.wav,data/transcripts/human/1462_170145_000006_000001.txt
1284_1180_000020_000000.wav,human,data/processed/human/1284_1180_000020_000000_processed.wav,data/transcripts/human/1284_1180_000020_000000.txt
2428_83699_000034_000000.wav,human,data/processed/human/2428_83699_000034_000000_processed.wav,data/transcripts/human/2428_83699_000034_000000.txt
audio4.mp3,human,data/processed/human/audio4_processed.wav,data/transcripts/human/audio4.txt
audio28.mp3,human,data/processed/human/audio28_processed.wav,data/transcripts/human/audio28.txt
2803_154328_000007_000004.wav,human,data/processed/human/2803_154328_000007_000004_processed.wav,data/transcripts/human/2803_154328_000007_000004.txt
audio6.mp3,human,data/processed/human/audio6_processed.wav,data/transcripts/human/audio6.txt
4507_16021_000033_000000.wav,human,data/processed/human/4507_16021_000033_000000_processed.wav,data/transcripts/human/4507_16021_000033_000000.txt
8842_302201_000006_000001.wav,human,data/processed/human/8842_302201_000006_000001_processed.wav,data/transcripts/human/8842_302201_000006_000001.txt
3570_5695_000004_000001.wav,human,data/processed/human/3570_5695_000004_000001_processed.wav,data/transcripts/human/3570_5695_000004_000001.txt
3170_137482_000003_000004.wav,human,data/processed/human/3170_137482_000003_000004_processed.wav,data/transcripts/human/3170_137482_000003_000004.txt
1919_142785_000003_000002.wav,human,data/processed/human/1919_142785_000003_000002_processed.wav,data/transcripts/human/1919_142785_000003_000002.txt
5639_40744_000014_000000.wav,human,data/processed/human/5639_40744_000014_000000_processed.wav,data/transcripts/human/5639_40744_000014_000000.txt
2300_131720_000021_000006.wav,human,data/processed/human/2300_131720_000021_000006_processed.wav,data/transcripts/human/2300_131720_000021_000006.txt
2277_149896_000018_000000.wav,human,data/processed/human/2277_149896_000018_000000_processed.wav,data/transcripts/human/2277_149896_000018_000000.txt
237_134500_000024_000002.wav,human,data/processed/human/237_134500_000024_000002_processed.wav,data/transcripts/human/237_134500_000024_000002.txt
237_126133_000049_000001.wav,human,data/processed/human/237_126133_000049_000001_processed.wav,data/transcripts/human/237_126133_000049_000001.txt
260_123286_000048_000002.wav,human,data/processed/human/260_123286_000048_000002_processed.wav,data/transcripts/human/260_123286_000048_000002.txt
237_134493_000009_000000.wav,human,data/processed/human/237_134493_000009_000000_processed.wav,data/transcripts/human/237_134493_000009_000000.txt
4446_2275_000046_000005.wav,human,data/processed/human/4446_2275_000046_000005_processed.wav,data/transcripts/human/4446_2275_000046_000005.txt
1993_147149_000026_000002.wav,human,data/processed/human/1993_147149_000026_000002_processed.wav,data/transcripts/human/1993_147149_000026_000002.txt
5338_284437_000030_000002.wav,human,data/processed/human/5338_284437_000030_000002_processed.wav,data/transcripts/human/5338_284437_000030_000002.txt
7021_85628_000042_000000.wav,human,data/processed/human/7021_85628_000042_000000_processed.wav,data/transcripts/human/7021_85628_000042_000000.txt
5142_33396_000012_000001.wav,human,data/processed/human/5142_33396_000012_000001_processed.wav,data/transcripts/human/5142_33396_000012_000001.txt
7850_286674_000013_000000.wav,human,data/processed/human/7850_286674_000013_000000_processed.wav,data/transcripts/human/7850_286674_000013_000000.txt
1995_1837_000017_000000.wav,human,data/processed/human/1995_1837_000017_000000_processed.wav,data/transcripts/human/1995_1837_000017_000000.txt
84_121550_000030_000000.wav,human,data/processed/human/84_121550_000030_000000_processed.wav,data/transcripts/human/84_121550_000030_000000.txt
8463_294828_000051_000000.wav,human,data/processed/human/8463_294828_000051_000000_processed.wav,data/transcripts/human/8463_294828_000051_000000.txt
4077_13754_000003_000000.wav,human,data/processed/human/4077_13754_000003_000000_processed.wav,data/transcripts/human/4077_13754_000003_000000.txt
7850_73752_000006_000002.wav,human,data/processed/human/7850_73752_000006_000002_processed.wav,data/transcripts/human/7850_73752_000006_000002.txt
audio7.mp3,human,data/processed/human/audio7_processed.wav,data/transcripts/human/audio7.txt
8230_279154_000003_000002.wav,human,data/processed/human/8230_279154_000003_000002_processed.wav,data/transcripts/human/8230_279154_000003_000002.txt
2428_83705_000039_000005.wav,human,data/processed/human/2428_83705_000039_000005_processed.wav,data/transcripts/human/2428_83705_000039_000005.txt
4970_29093_000050_000007.wav,human,data/processed/human/4970_29093_000050_000007_processed.wav,data/transcripts/human/4970_29093_000050_000007.txt
2830_3980_000023_000000.wav,human,data/processed/human/2830_3980_000023_000000_processed.wav,data/transcripts/human/2830_3980_000023_000000.txt
6829_68771_000012_000002.wav,human,data/processed/human/6829_68771_000012_000002_processed.wav,data/transcripts/human/6829_68771_000012_000002.txt
1988_24833_000016_000000.wav,human,data/processed/human/1988_24833_000016_000000_processed.wav,data/transcripts/human/1988_24833_000016_000000.txt
1995_1836_000018_000000.wav,human,data/processed/human/1995_1836_000018_000000_processed.wav,data/transcripts/human/1995_1836_000018_000000.txt
2902_9008_000036_000000.wav,human,data/processed/human/2902_9008_000036_000000_processed.wav,data/transcripts/human/2902_9008_000036_000000.txt
174_168635_000027_000001.wav,human,data/processed/human/174_168635_000027_000001_processed.wav,data/transcripts/human/174_168635_000027_000001.txt
2078_142845_000054_000000.wav,human,data/processed/human/2078_142845_000054_000000_processed.wav,data/transcripts/human/2078_142845_000054_000000.txt
6345_93302_000036_000005.wav,human,data/processed/human/6345_93302_000036_000005_processed.wav,data/transcripts/human/6345_93302_000036_000005.txt
2428_83699_000022_000000.wav,human,data/processed/human/2428_83699_000022_000000_processed.wav,data/transcripts/human/2428_83699_000022_000000.txt
4446_2275_000026_000000.wav,human,data/processed/human/4446_2275_000026_000000_processed.wav,data/transcripts/human/4446_2275_000026_000000.txt
7976_110523_000027_000007.wav,human,data/processed/human/7976_110523_000027_000007_processed.wav,data/transcripts/human/7976_110523_000027_000007.txt
7976_105575_000014_000014.wav,human,data/processed/human/7976_105575_000014_000014_processed.wav,data/transcripts/human/7976_105575_000014_000014.txt
1089_134691_000013_000001.wav,human,data/processed/human/1089_134691_000013_000001_processed.wav,data/transcripts/human/1089_134691_000013_000001.txt
3000_15664_000004_000001.wav,human,data/processed/human/3000_15664_000004_000001_processed.wav,data/transcripts/human/3000_15664_000004_000001.txt
1919_142785_000033_000000.wav,human,data/processed/human/1919_142785_000033_000000_processed.wav,data/transcripts/human/1919_142785_000033_000000.txt
6295_64301_000014_000003.wav,human,data/processed/human/6295_64301_000014_000003_processed.wav,data/transcripts/human/6295_64301_000014_000003.txt
174_84280_000015_000000.wav,human,data/processed/human/174_84280_000015_000000_processed.wav,data/transcripts/human/174_84280_000015_000000.txt
1993_147964_000005_000003.wav,human,data/processed/human/1993_147964_000005_000003_processed.wav,data/transcripts/human/1993_147964_000005_000003.txt
7127_75946_000012_000000.wav,human,data/processed/human/7127_75946_000012_000000_processed.wav,data/transcripts/human/7127_75946_000012_000000.txt
3752_4944_000036_000002.wav,human,data/processed/human/3752_4944_000036_000002_processed.wav,data/transcripts/human/3752_4944_000036_000002.txt
6313_76958_000039_000000.wav,human,data/processed/human/6313_76958_000039_000000_processed.wav,data/transcripts/human/6313_76958_000039_000000.txt
1320_122612_000015_000000.wav,human,data/processed/human/1320_122612_000015_000000_processed.wav,data/transcripts/human/1320_122612_000015_000000.txt
1188_133604_000057_000001.wav,human,data/processed/human/1188_133604_000057_000001_processed.wav,data/transcripts/human/1188_133604_000057_000001.txt
121_127105_000020_000010.wav,human,data/processed/human/121_127105_000020_000010_processed.wav,data/transcripts/human/121_127105_000020_000010.txt
174_168635_000036_000000.wav,human,data/processed/human/174_168635_000036_000000_processed.wav,data/transcripts/human/174_168635_000036_000000.txt
2277_149874_000015_000001.wav,human,data/processed/human/2277_149874_000015_000001_processed.wav,data/transcripts/human/2277_149874_000015_000001.txt
7021_79730_000051_000003.wav,human,data/processed/human/7021_79730_000051_000003_processed.wav,data/transcripts/human/7021_79730_000051_000003.txt
8463_287645_000024_000003.wav,human,data/processed/human/8463_287645_000024_000003_processed.wav,data/transcripts/human/8463_287645_000024_000003.txt
7850_281318_000023_000000.wav,human,data/processed/human/7850_281318_000023_000000_processed.wav,data/transcripts/human/7850_281318_000023_000000.txt
5639_40744_000013_000003.wav,human,data/processed/human/5639_40744_000013_000003_processed.wav,data/transcripts/human/5639_40744_000013_000003.txt
5895_34629_000019_000001.wav,human,data/processed/human/5895_34629_000019_000001_processed.wav,data/transcripts/human/5895_34629_000019_000001.txt
174_168635_000036_000001.wav,human,data/processed/human/174_168635_000036_000001_processed.wav,data/transcripts/human/174_168635_000036_000001.txt
908_31957_000025_000001.wav,human,data/processed/human/908_31957_000025_000001_processed.wav,data/transcripts/human/908_31957_000025_000001.txt
1284_1181_000004_000000.wav,human,data/processed/human/1284_1181_000004_000000_processed.wav,data/transcripts/human/1284_1181_000004_000000.txt
2803_161169_000011_000017.wav,human,data/processed/human/2803_161169_000011_000017_processed.wav,data/transcripts/human/2803_161169_000011_000017.txt
8297_275156_000017_000000.wav,human,data/processed/human/8297_275156_000017_000000_processed.wav,data/transcripts/human/8297_275156_000017_000000.txt
3752_4944_000063_000003.wav,human,data/processed/human/3752_4944_000063_000003_processed.wav,data/transcripts/human/3752_4944_000063_000003.txt
6241_61943_000020_000001.wav,human,data/processed/human/6241_61943_000020_000001_processed.wav,data/transcripts/human/6241_61943_000020_000001.txt
5338_284437_000032_000005.wav,human,data/processed/human/5338_284437_000032_000005_processed.wav,data/transcripts/human/5338_284437_000032_000005.txt
251_137823_000005_000001.wav,human,data/processed/human/251_137823_000005_000001_processed.wav,data/transcripts/human/251_137823_000005_000001.txt
7021_85628_000004_000001.wav,human,data/processed/human/7021_85628_000004_000001_processed.wav,data/transcripts/human/7021_85628_000004_000001.txt
2830_3979_000019_000003.wav,human,data/processed/human/2830_3979_000019_000003_processed.wav,data/transcripts/human/2830_3979_000019_000003.txt
8463_287645_000030_000001.wav,human,data/processed/human/8463_287645_000030_000001_processed.wav,data/transcripts/human/8463_287645_000030_000001.txt
7729_102255_000024_000003.wav,human,data/processed/human/7729_102255_000024_000003_processed.wav,data/transcripts/human/7729_102255_000024_000003.txt
2300_131720_000026_000001.wav,human,data/processed/human/2300_131720_000026_000001_processed.wav,data/transcripts/human/2300_131720_000026_000001.txt
2277_149897_000006_000004.wav,human,data/processed/human/2277_149897_000006_000004_processed.wav,data/transcripts/human/2277_149897_000006_000004.txt
7127_75947_000006_000011.wav,human,data/processed/human/7127_75947_000006_000011_processed.wav,data/transcripts/human/7127_75947_000006_000011.txt
2428_83705_000003_000001.wav,human,data/processed/human/2428_83705_000003_000001_processed.wav,data/transcripts/human/2428_83705_000003_000001.txt
5536_43359_000014_000003.wav,human,data/processed/human/5536_43359_000014_000003_processed.wav,data/transcripts/human/5536_43359_000014_000003.txt
5694_64029_000022_000000.wav,human,data/processed/human/5694_64029_000022_000000_processed.wav,data/transcripts/human/5694_64029_000022_000000.txt
6313_66125_000024_000000.wav,human,data/processed/human/6313_66125_000024_000000_processed.wav,data/transcripts/human/6313_66125_000024_000000.txt
7850_286674_000000_000000.wav,human,data/processed/human/7850_286674_000000_000000_processed.wav,data/transcripts/human/7850_286674_000000_000000.txt
2961_961_000004_000033.wav,human,data/processed/human/2961_961_000004_000033_processed.wav,data/transcripts/human/2961_961_000004_000033.txt
audio50.m4a,human,data/processed/human/audio50_processed.wav,data/transcripts/human/audio50.txt
84_121550_000089_000000.wav,human,data/processed/human/84_121550_000089_000000_processed.wav,data/transcripts/human/84_121550_000089_000000.txt
5895_34629_000049_000001.wav,human,data/processed/human/5895_34629_000049_000001_processed.wav,data/transcripts/human/5895_34629_000049_000001.txt
6345_93302_000054_000003.wav,human,data/processed/human/6345_93302_000054_000003_processed.wav,data/transcripts/human/6345_93302_000054_000003.txt
5338_284437_000023_000002.wav,human,data/processed/human/5338_284437_000023_000002_processed.wav,data/transcripts/human/5338_284437_000023_000002.txt
1462_170142_000031_000000.wav,human,data/processed/human/1462_170142_000031_000000_processed.wav,data/transcripts/human/1462_170142_000031_000000.txt
2428_83699_000015_000004.wav,human,data/processed/human/2428_83699_000015_000004_processed.wav,data/transcripts/human/2428_83699_000015_000004.txt
1580_141083_000101_000001.wav,human,data/processed/human/1580_141083_000101_000001_processed.wav,data/transcripts/human/1580_141083_000101_000001.txt
7976_105575_000008_000007.wav,human,data/processed/human/7976_105575_000008_000007_processed.wav,data/transcripts/human/7976_105575_000008_000007.txt
7176_88083_000003_000000.wav,human,data/processed/human/7176_88083_000003_000000_processed.wav,data/transcripts/human/7176_88083_000003_000000.txt
260_123288_000013_000001.wav,human,data/processed/human/260_123288_000013_000001_processed.wav,data/transcripts/human/260_123288_000013_000001.txt
2902_9008_000009_000002.wav,human,data/processed/human/2902_9008_000009_000002_processed.wav,data/transcripts/human/2902_9008_000009_000002.txt
237_134493_000017_000001.wav,human,data/processed/human/237_134493_000017_000001_processed.wav,data/transcripts/human/237_134493_000017_000001.txt
audio47.m4a,human,data/processed/human/audio47_processed.wav,data/transcripts/human/audio47.txt
audio45.mp3,human,data/processed/human/audio45_processed.wav,data/transcripts/human/audio45.txt
237_134500_000003_000003.wav,human,data/processed/human/237_134500_000003_000003_processed.wav,data/transcripts/human/237_134500_000003_000003.txt
4970_29093_000017_000002.wav,human,data/processed/human/4970_29093_000017_000002_processed.wav,data/transcripts/human/4970_29093_000017_000002.txt
4446_2275_000031_000001.wav,human,data/processed/human/4446_2275_000031_000001_processed.wav,data/transcripts/human/4446_2275_000031_000001.txt
5694_64038_000024_000025.wav,human,data/processed/human/5694_64038_000024_000025_processed.wav,data/transcripts/human/5694_64038_000024_000025.txt
6313_66125_000027_000000.wav,human,data/processed/human/6313_66125_000027_000000_processed.wav,data/transcripts/human/6313_66125_000027_000000.txt
6345_93306_000016_000001.wav,human,data/processed/human/6345_93306_000016_000001_processed.wav,data/transcripts/human/6345_93306_000016_000001.txt
8555_284447_000019_000001.wav,human,data/processed/human/8555_284447_000019_000001_processed.wav,data/transcripts/human/8555_284447_000019_000001.txt
8555_284447_000008_000002.wav,human,data/processed/human/8555_284447_000008_000002_processed.wav,data/transcripts/human/8555_284447_000008_000002.txt
1188_133604_000036_000004.wav,human,data/processed/human/1188_133604_000036_000004_processed.wav,data/transcripts/human/1188_133604_000036_000004.txt
3536_8226_000020_000007.wav,human,data/processed/human/3536_8226_000020_000007_processed.wav,data/transcripts/human/3536_8226_000020_000007.txt
1272_141231_000015_000000.wav,human,data/processed/human/1272_141231_000015_000000_processed.wav,data/transcripts/human/1272_141231_000015_000000.txt
6319_275224_000023_000004.wav,human,data/processed/human/6319_275224_000023_000004_processed.wav,data/transcripts/human/6319_275224_000023_000004.txt
260_123440_000001_000001.wav,human,data/processed/human/260_123440_000001_000001_processed.wav,data/transcripts/human/260_123440_000001_000001.txt
260_123440_000010_000003.wav,human,data/processed/human/260_123440_000010_000003_processed.wav,data/transcripts/human/260_123440_000010_000003.txt
7976_110523_000024_000000.wav,human,data/processed/human/7976_110523_000024_000000_processed.wav,data/transcripts/human/7976_110523_000024_000000.txt
audio44.mp3,human,data/processed/human/audio44_processed.wav,data/transcripts/human/audio44.txt
7176_92135_000018_000002.wav,human,data/processed/human/7176_92135_000018_000002_processed.wav,data/transcripts/human/7176_92135_000018_000002.txt
audio46.mp3,human,data/processed/human/audio46_processed.wav,data/transcripts/human/audio46.txt
1089_134686_000008_000000.wav,human,data/processed/human/1089_134686_000008_000000_processed.wav,data/transcripts/human/1089_134686_000008_000000.txt
audio49.m4a,human,data/processed/human/audio49_processed.wav,data/transcripts/human/audio49.txt
2277_149896_000025_000008.wav,human,data/processed/human/2277_149896_000025_000008_processed.wav,data/transcripts/human/2277_149896_000025_000008.txt
8455_210777_000010_000000.wav,human,data/processed/human/8455_210777_000010_000000_processed.wav,data/transcripts/human/8455_210777_000010_000000.txt
1993_147964_000003_000001.wav,human,data/processed/human/1993_147964_000003_000001_processed.wav,data/transcripts/human/1993_147964_000003_000001.txt
4507_16021_000023_000002.wav,human,data/processed/human/4507_16021_000023_000002_processed.wav,data/transcripts/human/4507_16021_000023_000002.txt
4446_2273_000010_000001.wav,human,data/processed/human/4446_2273_000010_000001_processed.wav,data/transcripts/human/4446_2273_000010_000001.txt
2412_153954_000008_000009.wav,human,data/processed/human/2412_153954_000008_000009_processed.wav,data/transcripts/human/2412_153954_000008_000009.txt
2803_154328_000028_000000.wav,human,data/processed/human/2803_154328_000028_000000_processed.wav,data/transcripts/human/2803_154328_000028_000000.txt
84_121550_000031_000000.wav,human,data/processed/human/84_121550_000031_000000_processed.wav,data/transcripts/human/84_121550_000031_000000.txt
3752_4944_000065_000001.wav,human,data/processed/human/3752_4944_000065_000001_processed.wav,data/transcripts/human/3752_4944_000065_000001.txt
2086_149220_000047_000002.wav,human,data/processed/human/2086_149220_000047_000002_processed.wav,data/transcripts/human/2086_149220_000047_000002.txt
7021_85628_000016_000000.wav,human,data/processed/human/7021_85628_000016_000000_processed.wav,data/transcripts/human/7021_85628_000016_000000.txt
4507_16021_000019_000000.wav,human,data/processed/human/4507_16021_000019_000000_processed.wav,data/transcripts/human/4507_16021_000019_000000.txt
7976_105575_000006_000004.wav,human,data/processed/human/7976_105575_000006_000004_processed.wav,data/transcripts/human/7976_105575_000006_000004.txt
5694_64025_000022_000017.wav,human,data/processed/human/5694_64025_000022_000017_processed.wav,data/transcripts/human/5694_64025_000022_000017.txt
audio48.m4a,human,data/processed/human/audio48_processed.wav,data/transcripts/human/audio48.txt
2902_9006_000020_000002.wav,human,data/processed/human/2902_9006_000020_000002_processed.wav,data/transcripts/human/2902_9006_000020_000002.txt
1988_24833_000045_000000.wav,human,data/processed/human/1988_24833_000045_000000_processed.wav,data/transcripts/human/1988_24833_000045_000000.txt
8555_292519_000048_000000.wav,human,data/processed/human/8555_292519_000048_000000_processed.wav,data/transcripts/human/8555_292519_000048_000000.txt
2428_83699_000021_000000.wav,human,data/processed/human/2428_83699_000021_000000_processed.wav,data/transcripts/human/2428_83699_000021_000000.txt
2035_147961_000007_000006.wav,human,data/processed/human/2035_147961_000007_000006_processed.wav,data/transcripts/human/2035_147961_000007_000006.txt
audio43.mp3,human,data/processed/human/audio43_processed.wav,data/transcripts/human/audio43.txt
3853_163249_000166_000000.wav,human,data/processed/human/3853_163249_000166_000000_processed.wav,data/transcripts/human/3853_163249_000166_000000.txt
8297_275155_000046_000001.wav,human,data/processed/human/8297_275155_000046_000001_processed.wav,data/transcripts/human/8297_275155_000046_000001.txt
8297_275155_000024_000001.wav,human,data/processed/human/8297_275155_000024_000001_processed.wav,data/transcripts/human/8297_275155_000024_000001.txt
1462_170142_000042_000008.wav,human,data/processed/human/1462_170142_000042_000008_processed.wav,data/transcripts/human/1462_170142_000042_000008.txt
2277_149897_000014_000000.wav,human,data/processed/human/2277_149897_000014_000000_processed.wav,data/transcripts/human/2277_149897_000014_000000.txt
2902_9008_000002_000001.wav,human,data/processed/human/2902_9008_000002_000001_processed.wav,data/transcripts/human/2902_9008_000002_000001.txt
251_136532_000011_000000.wav,human,data/processed/human/251_136532_000011_000000_processed.wav,data/transcripts/human/251_136532_000011_000000.txt
237_134500_000031_000000.wav,human,data/processed/human/237_134500_000031_000000_processed.wav,data/transcripts/human/237_134500_000031_000000.txt
2035_152373_000011_000004.wav,human,data/processed/human/2035_152373_000011_000004_processed.wav,data/transcripts/human/2035_152373_000011_000004.txt
84_121550_000281_000000.wav,human,data/processed/human/84_121550_000281_000000_processed.wav,data/transcripts/human/84_121550_000281_000000.txt
8455_210777_000077_000001.wav,human,data/processed/human/8455_210777_000077_000001_processed.wav,data/transcripts/human/8455_210777_000077_000001.txt
5683_32866_000047_000009.wav,human,data/processed/human/5683_32866_000047_000009_processed.wav,data/transcripts/human/5683_32866_000047_000009.txt
6241_61946_000014_000000.wav,human,data/processed/human/6241_61946_000014_000000_processed.wav,data/transcripts/human/6241_61946_000014_000000.txt
4077_13754_000021_000002.wav,human,data/processed/human/4077_13754_000021_000002_processed.wav,data/transcripts/human/4077_13754_000021_000002.txt
3570_5695_000008_000006.wav,human,data/processed/human/3570_5695_000008_000006_processed.wav,data/transcripts/human/3570_5695_000008_000006.txt
2035_147961_000007_000007.wav,human,data/processed/human/2035_147961_000007_000007_processed.wav,data/transcripts/human/2035_147961_000007_000007.txt
4446_2273_000015_000000.wav,human,data/processed/human/4446_2273_000015_000000_processed.wav,data/transcripts/human/4446_2273_000015_000000.txt
3570_5694_000008_000002.wav,human,data/processed/human/3570_5694_000008_000002_processed.wav,data/transcripts/human/3570_5694_000008_000002.txt
audio40.mp3,human,data/processed/human/audio40_processed.wav,data/transcripts/human/audio40.txt
84_121550_000164_000000.wav,human,data/processed/human/84_121550_000164_000000_processed.wav,data/transcripts/human/84_121550_000164_000000.txt
6345_93302_000046_000010.wav,human,data/processed/human/6345_93302_000046_000010_processed.wav,data/transcripts/human/6345_93302_000046_000010.txt
1089_134686_000011_000002.wav,human,data/processed/human/1089_134686_000011_000002_processed.wav,data/transcripts/human/1089_134686_000011_000002.txt
3570_5694_000011_000006.wav,human,data/processed/human/3570_5694_000011_000006_processed.wav,data/transcripts/human/3570_5694_000011_000006.txt
3575_170457_000046_000003.wav,human,data/processed/human/3575_170457_000046_000003_processed.wav,data/transcripts/human/3575_170457_000046_000003.txt
5683_32866_000023_000000.wav,human,data/processed/human/5683_32866_000023_000000_processed.wav,data/transcripts/human/5683_32866_000023_000000.txt
8455_210777_000022_000003.wav,human,data/processed/human/8455_210777_000022_000003_processed.wav,data/transcripts/human/8455_210777_000022_000003.txt
1988_147956_000003_000001.wav,human,data/processed/human/1988_147956_000003_000001_processed.wav,data/transcripts/human/1988_147956_000003_000001.txt
237_134500_000031_000002.wav,human,data/processed/human/237_134500_000031_000002_processed.wav,data/transcripts/human/237_134500_000031_000002.txt
7021_85628_000002_000001.wav,human,data/processed/human/7021_85628_000002_000001_processed.wav,data/transcripts/human/7021_85628_000002_000001.txt
1462_170138_000023_000011.wav,human,data/processed/human/1462_170138_000023_000011_processed.wav,data/transcripts/human/1462_170138_000023_000011.txt
4970_29095_000040_000002.wav,human,data/processed/human/4970_29095_000040_000002_processed.wav,data/transcripts/human/4970_29095_000040_000002.txt
4446_2271_000003_000005.wav,human,data/processed/human/4446_2271_000003_000005_processed.wav,data/transcripts/human/4446_2271_000003_000005.txt
237_126133_000022_000000.wav,human,data/processed/human/237_126133_000022_000000_processed.wav,data/transcripts/human/237_126133_000022_000000.txt
5694_64025_000022_000005.wav,human,data/processed/human/5694_64025_000022_000005_processed.wav,data/transcripts/human/5694_64025_000022_000005.txt
7176_88083_000005_000003.wav,human,data/processed/human/7176_88083_000005_000003_processed.wav,data/transcripts/human/7176_88083_000005_000003.txt
4446_2273_000022_000003.wav,human,data/processed/human/4446_2273_000022_000003_processed.wav,data/transcripts/human/4446_2273_000022_000003.txt
audio41.mp3,human,data/processed/human/audio41_processed.wav,data/transcripts/human/audio41.txt
3570_5695_000008_000005.wav,human,data/processed/human/3570_5695_000008_000005_processed.wav,data/transcripts/human/3570_5695_000008_000005.txt
audio26.mp3,human,data/processed/human/audio26_processed.wav,data/transcripts/human/audio26.txt
7729_102255_000003_000001.wav,human,data/processed/human/7729_102255_000003_000001_processed.wav,data/transcripts/human/7729_102255_000003_000001.txt
audio32.mp3,human,data/processed/human/audio32_processed.wav,data/transcripts/human/audio32.txt
1580_141083_000067_000000.wav,human,data/processed/human/1580_141083_000067_000000_processed.wav,data/transcripts/human/1580_141083_000067_000000.txt
audio15.m4a,human,data/processed/human/audio15_processed.wav,data/transcripts/human/audio15.txt
2277_149897_000007_000005.wav,human,data/processed/human/2277_149897_000007_000005_processed.wav,data/transcripts/human/2277_149897_000007_000005.txt
6319_275224_000016_000004.wav,human,data/processed/human/6319_275224_000016_000004_processed.wav,data/transcripts/human/6319_275224_000016_000004.txt
1993_147149_000012_000001.wav,human,data/processed/human/1993_147149_000012_000001_processed.wav,data/transcripts/human/1993_147149_000012_000001.txt
2902_9008_000005_000003.wav,human,data/processed/human/2902_9008_000005_000003_processed.wav,data/transcripts/human/2902_9008_000005_000003.txt
3170_137482_000014_000001.wav,human,data/processed/human/3170_137482_000014_000001_processed.wav,data/transcripts/human/3170_137482_000014_000001.txt
5683_32879_000014_000002.wav,human,data/processed/human/5683_32879_000014_000002_processed.wav,data/transcripts/human/5683_32879_000014_000002.txt
3752_4943_000030_000000.wav,human,data/processed/human/3752_4943_000030_000000_processed.wav,data/transcripts/human/3752_4943_000030_000000.txt
1995_1826_000012_000000.wav,human,data/processed/human/1995_1826_000012_000000_processed.wav,data/transcripts/human/1995_1826_000012_000000.txt
7021_79740_000022_000001.wav,human,data/processed/human/7021_79740_000022_000001_processed.wav,data/transcripts/human/7021_79740_000022_000001.txt
174_84280_000014_000010.wav,human,data/processed/human/174_84280_000014_000010_processed.wav,data/transcripts/human/174_84280_000014_000010.txt
6241_66616_000012_000004.wav,human,data/processed/human/6241_66616_000012_000004_processed.wav,data/transcripts/human/6241_66616_000012_000004.txt
1919_142785_000005_000004.wav,human,data/processed/human/1919_142785_000005_000004_processed.wav,data/transcripts/human/1919_142785_000005_000004.txt
8455_210777_000003_000001.wav,human,data/processed/human/8455_210777_000003_000001_processed.wav,data/transcripts/human/8455_210777_000003_000001.txt
251_136532_000007_000001.wav,human,data/processed/human/251_136532_000007_000001_processed.wav,data/transcripts/human/251_136532_000007_000001.txt
8230_279154_000011_000002.wav,human,data/processed/human/8230_279154_000011_000002_processed.wav,data/transcripts/human/8230_279154_000011_000002.txt
4507_16021_000016_000001.wav,human,data/processed/human/4507_16021_000016_000001_processed.wav,data/transcripts/human/4507_16021_000016_000001.txt
audio14.m4a,human,data/processed/human/audio14_processed.wav,data/transcripts/human/audio14.txt
260_123286_000035_000000.wav,human,data/processed/human/260_123286_000035_000000_processed.wav,data/transcripts/human/260_123286_000035_000000.txt
6313_66125_000012_000000.wav,human,data/processed/human/6313_66125_000012_000000_processed.wav,data/transcripts/human/6313_66125_000012_000000.txt
6345_64257_000008_000004.wav,human,data/processed/human/6345_64257_000008_000004_processed.wav,data/transcripts/human/6345_64257_000008_000004.txt
audio33.mp3,human,data/processed/human/audio33_processed.wav,data/transcripts/human/audio33.txt
audio27.mp3,human,data/processed/human/audio27_processed.wav,data/transcripts/human/audio27.txt
7729_102255_000012_000002.wav,human,data/processed/human/7729_102255_000012_000002_processed.wav,data/transcripts/human/7729_102255_000012_000002.txt
audio31.mp3,human,data/processed/human/audio31_processed.wav,data/transcripts/human/audio31.txt
audio25.mp3,human,data/processed/human/audio25_processed.wav,data/transcripts/human/audio25.txt
audio9.mp3,human,data/processed/human/audio9_processed.wav,data/transcripts/human/audio9.txt
1580_141083_000095_000000.wav,human,data/processed/human/1580_141083_000095_000000_processed.wav,data/transcripts/human/1580_141083_000095_000000.txt
audio19.mp3,human,data/processed/human/audio19_processed.wav,data/transcripts/human/audio19.txt
1462_170145_000005_000002.wav,human,data/processed/human/1462_170145_000005_000002_processed.wav,data/transcripts/human/1462_170145_000005_000002.txt
3752_4944_000084_000000.wav,human,data/processed/human/3752_4944_000084_000000_processed.wav,data/transcripts/human/3752_4944_000084_000000.txt
5694_64038_000012_000001.wav,human,data/processed/human/5694_64038_000012_000001_processed.wav,data/transcripts/human/5694_64038_000012_000001.txt
8463_294825_000045_000000.wav,human,data/processed/human/8463_294825_000045_000000_processed.wav,data/transcripts/human/8463_294825_000045_000000.txt
4507_16021_000030_000001.wav,human,data/processed/human/4507_16021_000030_000001_processed.wav,data/transcripts/human/4507_16021_000030_000001.txt
test.wav,human,data/processed/human/test_processed.wav,data/transcripts/human/test.txt
7021_79740_000010_000006.wav,human,data/processed/human/7021_79740_000010_000006_processed.wav,data/transcripts/human/7021_79740_000010_000006.txt
audio16.m4a,human,data/processed/human/audio16_processed.wav,data/transcripts/human/audio16.txt
260_123286_000060_000002.wav,human,data/processed/human/260_123286_000060_000002_processed.wav,data/transcripts/human/260_123286_000060_000002.txt
3752_4944_000100_000003.wav,human,data/processed/human/3752_4944_000100_000003_processed.wav,data/transcripts/human/3752_4944_000100_000003.txt
260_123288_000034_000002.wav,human,data/processed/human/260_123288_000034_000002_processed.wav,data/transcripts/human/260_123288_000034_000002.txt
2803_154328_000054_000000.wav,human,data/processed/human/2803_154328_000054_000000_processed.wav,data/transcripts/human/2803_154328_000054_000000.txt
2902_9008_000005_000000.wav,human,data/processed/human/2902_9008_000005_000000_processed.wav,data/transcripts/human/2902_9008_000005_000000.txt
3570_5694_000013_000001.wav,human,data/processed/human/3570_5694_000013_000001_processed.wav,data/transcripts/human/3570_5694_000013_000001.txt
1580_141083_000008_000000.wav,human,data/processed/human/1580_141083_000008_000000_processed.wav,data/transcripts/human/1580_141083_000008_000000.txt
260_123440_000003_000002.wav,human,data/processed/human/260_123440_000003_000002_processed.wav,data/transcripts/human/260_123440_000003_000002.txt
2412_153947_000023_000000.wav,human,data/processed/human/2412_153947_000023_000000_processed.wav,data/transcripts/human/2412_153947_000023_000000.txt
1919_142785_000119_000000.wav,human,data/processed/human/1919_142785_000119_000000_processed.wav,data/transcripts/human/1919_142785_000119_000000.txt
84_121123_000057_000000.wav,human,data/processed/human/84_121123_000057_000000_processed.wav,data/transcripts/human/84_121123_000057_000000.txt
260_123286_000021_000004.wav,human,data/processed/human/260_123286_000021_000004_processed.wav,data/transcripts/human/260_123286_000021_000004.txt
8297_275154_000011_000002.wav,human,data/processed/human/8297_275154_000011_000002_processed.wav,data/transcripts/human/8297_275154_000011_000002.txt
1462_170145_000011_000004.wav,human,data/processed/human/1462_170145_000011_000004_processed.wav,data/transcripts/human/1462_170145_000011_000004.txt
3853_163249_000161_000000.wav,human,data/processed/human/3853_163249_000161_000000_processed.wav,data/transcripts/human/3853_163249_000161_000000.txt
1089_134691_000053_000001.wav,human,data/processed/human/1089_134691_000053_000001_processed.wav,data/transcripts/human/1089_134691_000053_000001.txt
6241_61946_000013_000001.wav,human,data/processed/human/6241_61946_000013_000001_processed.wav,data/transcripts/human/6241_61946_000013_000001.txt
audio17.m4a,human,data/processed/human/audio17_processed.wav,data/transcripts/human/audio17.txt
4446_2273_000012_000001.wav,human,data/processed/human/4446_2273_000012_000001_processed.wav,data/transcripts/human/4446_2273_000012_000001.txt
6295_244435_000014_000000.wav,human,data/processed/human/6295_244435_000014_000000_processed.wav,data/transcripts/human/6295_244435_000014_000000.txt
251_118436_000019_000000.wav,human,data/processed/human/251_118436_000019_000000_processed.wav,data/transcripts/human/251_118436_000019_000000.txt
audio18.mp3,human,data/processed/human/audio18_processed.wav,data/transcripts/human/audio18.txt
audio8.mp3,human,data/processed/human/audio8_processed.wav,data/transcripts/human/audio8.txt
audio24.mp3,human,data/processed/human/audio24_processed.wav,data/transcripts/human/audio24.txt
audio30.mp3,human,data/processed/human/audio30_processed.wav,data/transcripts/human/audio30.txt
audio34.mp3,human,data/processed/human/audio34_processed.wav,data/transcripts/human/audio34.txt
audio20.mp3,human,data/processed/human/audio20_processed.wav,data/transcripts/human/audio20.txt
1272_141231_000034_000001.wav,human,data/processed/human/1272_141231_000034_000001_processed.wav,data/transcripts/human/1272_141231_000034_000001.txt
251_137823_000027_000000.wav,human,data/processed/human/251_137823_000027_000000_processed.wav,data/transcripts/human/251_137823_000027_000000.txt
4507_16021_000038_000002.wav,human,data/processed/human/4507_16021_000038_000002_processed.wav,data/transcripts/human/4507_16021_000038_000002.txt
7176_92135_000039_000001.wav,human,data/processed/human/7176_92135_000039_000001_processed.wav,data/transcripts/human/7176_92135_000039_000001.txt
174_168635_000026_000001.wav,human,data/processed/human/174_168635_000026_000001_processed.wav,data/transcripts/human/174_168635_000026_000001.txt
1089_134691_000028_000001.wav,human,data/processed/human/1089_134691_000028_000001_processed.wav,data/transcripts/human/1089_134691_000028_000001.txt
audio13.m4a,human,data/processed/human/audio13_processed.wav,data/transcripts/human/audio13.txt
1988_24833_000042_000000.wav,human,data/processed/human/1988_24833_000042_000000_processed.wav,data/transcripts/human/1988_24833_000042_000000.txt
2830_3980_000022_000000.wav,human,data/processed/human/2830_3980_000022_000000_processed.wav,data/transcripts/human/2830_3980_000022_000000.txt
6345_93306_000019_000005.wav,human,data/processed/human/6345_93306_000019_000005_processed.wav,data/transcripts/human/6345_93306_000019_000005.txt
6313_66125_000087_000000.wav,human,data/processed/human/6313_66125_000087_000000_processed.wav,data/transcripts/human/6313_66125_000087_000000.txt
8230_279154_000014_000001.wav,human,data/processed/human/8230_279154_000014_000001_processed.wav,data/transcripts/human/8230_279154_000014_000001.txt
8455_210777_000061_000007.wav,human,data/processed/human/8455_210777_000061_000007_processed.wav,data/transcripts/human/8455_210777_000061_000007.txt
1462_170142_000029_000000.wav,human,data/processed/human/1462_170142_000029_000000_processed.wav,data/transcripts/human/1462_170142_000029_000000.txt
2086_149220_000018_000000.wav,human,data/processed/human/2086_149220_000018_000000_processed.wav,data/transcripts/human/2086_149220_000018_000000.txt
audio12.m4a,human,data/processed/human/audio12_processed.wav,data/transcripts/human/audio12.txt
audio2.m4a,human,data/processed/human/audio2_processed.wav,data/transcripts/human/audio2.txt
audio21.mp3,human,data/processed/human/audio21_processed.wav,data/transcripts/human/audio21.txt
audio35.mp3,human,data/processed/human/audio35_processed.wav,data/transcripts/human/audio35.txt
3170_137482_000037_000001.wav,human,data/processed/human/3170_137482_000037_000001_processed.wav,data/transcripts/human/3170_137482_000037_000001.txt
audio23.mp3,human,data/processed/human/audio23_processed.wav,data/transcripts/human/audio23.txt
audio37.mp3,human,data/processed/human/audio37_processed.wav,data/transcripts/human/audio37.txt
5683_32865_000044_000003.wav,human,data/processed/human/5683_32865_000044_000003_processed.wav,data/transcripts/human/5683_32865_000044_000003.txt
5536_43358_000022_000001.wav,human,data/processed/human/5536_43358_000022_000001_processed.wav,data/transcripts/human/5536_43358_000022_000001.txt
3570_5696_000008_000002.wav,human,data/processed/human/3570_5696_000008_000002_processed.wav,data/transcripts/human/3570_5696_000008_000002.txt
5895_34629_000018_000000.wav,human,data/processed/human/5895_34629_000018_000000_processed.wav,data/transcripts/human/5895_34629_000018_000000.txt
7976_110523_000032_000002.wav,human,data/processed/human/7976_110523_000032_000002_processed.wav,data/transcripts/human/7976_110523_000032_000002.txt
2277_149874_000008_000000.wav,human,data/processed/human/2277_149874_000008_000000_processed.wav,data/transcripts/human/2277_149874_000008_000000.txt
3752_4943_000029_000001.wav,human,data/processed/human/3752_4943_000029_000001_processed.wav,data/transcripts/human/3752_4943_000029_000001.txt
237_134493_000002_000001.wav,human,data/processed/human/237_134493_000002_000001_processed.wav,data/transcripts/human/237_134493_000002_000001.txt
6241_61943_000038_000004.wav,human,data/processed/human/6241_61943_000038_000004_processed.wav,data/transcripts/human/6241_61943_000038_000004.txt
4446_2271_000018_000000.wav,human,data/processed/human/4446_2271_000018_000000_processed.wav,data/transcripts/human/4446_2271_000018_000000.txt
8463_294828_000046_000000.wav,human,data/processed/human/8463_294828_000046_000000_processed.wav,data/transcripts/human/8463_294828_000046_000000.txt
1919_142785_000126_000001.wav,human,data/processed/human/1919_142785_000126_000001_processed.wav,data/transcripts/human/1919_142785_000126_000001.txt
1993_147965_000001_000001.wav,human,data/processed/human/1993_147965_000001_000001_processed.wav,data/transcripts/human/1993_147965_000001_000001.txt
audio1.m4a,human,data/processed/human/audio1_processed.wav,data/transcripts/human/audio1.txt
audio11.m4a,human,data/processed/human/audio11_processed.wav,data/transcripts/human/audio11.txt
audio36.mp3,human,data/processed/human/audio36_processed.wav,data/transcripts/human/audio36.txt
1919_142785_000089_000003.wav,human,data/processed/human/1919_142785_000089_000003_processed.wav,data/transcripts/human/1919_142785_000089_000003.txt
audio22.mp3,human,data/processed/human/audio22_processed.wav,data/transcripts/human/audio22.txt
T_0000016103.wav,ai,data/processed/ai/T_0000016103_processed.wav,data/transcripts/ai/T_0000016103.txt
ai12.mp3,ai,data/processed/ai/ai12_processed.wav,data/transcripts/ai/ai12.txt
T_0000009221.wav,ai,data/processed/ai/T_0000009221_processed.wav,data/transcripts/ai/T_0000009221.txt
T_0000017962.wav,ai,data/processed/ai/T_0000017962_processed.wav,data/transcripts/ai/T_0000017962.txt
T_0000018489.wav,ai,data/processed/ai/T_0000018489_processed.wav,data/transcripts/ai/T_0000018489.txt
T_0000031769.wav,ai,data/processed/ai/T_0000031769_processed.wav,data/transcripts/ai/T_0000031769.txt
T_0000003644.wav,ai,data/processed/ai/T_0000003644_processed.wav,data/transcripts/ai/T_0000003644.txt
T_0000034942.wav,ai,data/processed/ai/T_0000034942_processed.wav,data/transcripts/ai/T_0000034942.txt
T_0000010374.wav,ai,data/processed/ai/T_0000010374_processed.wav,data/transcripts/ai/T_0000010374.txt
T_0000023032.wav,ai,data/processed/ai/T_0000023032_processed.wav,data/transcripts/ai/T_0000023032.txt
T_0000026837.wav,ai,data/processed/ai/T_0000026837_processed.wav,data/transcripts/ai/T_0000026837.txt
T_0000004089.wav,ai,data/processed/ai/T_0000004089_processed.wav,data/transcripts/ai/T_0000004089.txt
ai13.mp3,ai,data/processed/ai/ai13_processed.wav,data/transcripts/ai/ai13.txt
T_0000015423.wav,ai,data/processed/ai/T_0000015423_processed.wav,data/transcripts/ai/T_0000015423.txt
T_0000032936.wav,ai,data/processed/ai/T_0000032936_processed.wav,data/transcripts/ai/T_0000032936.txt
T_0000014701.wav,ai,data/processed/ai/T_0000014701_processed.wav,data/transcripts/ai/T_0000014701.txt
T_0000020465.wav,ai,data/processed/ai/T_0000020465_processed.wav,data/transcripts/ai/T_0000020465.txt
ai11.mp3,ai,data/processed/ai/ai11_processed.wav,data/transcripts/ai/ai11.txt
ai39.mp3,ai,data/processed/ai/ai39_processed.wav,data/transcripts/ai/ai39.txt
T_0000025086.wav,ai,data/processed/ai/T_0000025086_processed.wav,data/transcripts/ai/T_0000025086.txt
T_0000002439.wav,ai,data/processed/ai/T_0000002439_processed.wav,data/transcripts/ai/T_0000002439.txt
T_0000031030.wav,ai,data/processed/ai/T_0000031030_processed.wav,data/transcripts/ai/T_0000031030.txt
T_0000002217.wav,ai,data/processed/ai/T_0000002217_processed.wav,data/transcripts/ai/T_0000002217.txt
T_0000030514.wav,ai,data/processed/ai/T_0000030514_processed.wav,data/transcripts/ai/T_0000030514.txt
T_0000029290.wav,ai,data/processed/ai/T_0000029290_processed.wav,data/transcripts/ai/T_0000029290.txt
T_0000021182.wav,ai,data/processed/ai/T_0000021182_processed.wav,data/transcripts/ai/T_0000021182.txt
T_0000032698.wav,ai,data/processed/ai/T_0000032698_processed.wav,data/transcripts/ai/T_0000032698.txt
T_0000036366.wav,ai,data/processed/ai/T_0000036366_processed.wav,data/transcripts/ai/T_0000036366.txt
T_0000022307.wav,ai,data/processed/ai/T_0000022307_processed.wav,data/transcripts/ai/T_0000022307.txt
T_0000011915.wav,ai,data/processed/ai/T_0000011915_processed.wav,data/transcripts/ai/T_0000011915.txt
T_0000000159.wav,ai,data/processed/ai/T_0000000159_processed.wav,data/transcripts/ai/T_0000000159.txt
T_0000032458.wav,ai,data/processed/ai/T_0000032458_processed.wav,data/transcripts/ai/T_0000032458.txt
T_0000022703.wav,ai,data/processed/ai/T_0000022703_processed.wav,data/transcripts/ai/T_0000022703.txt
T_0000029871.wav,ai,data/processed/ai/T_0000029871_processed.wav,data/transcripts/ai/T_0000029871.txt
ai38.mp3,ai,data/processed/ai/ai38_processed.wav,data/transcripts/ai/ai38.txt
ai10.mp3,ai,data/processed/ai/ai10_processed.wav,data/transcripts/ai/ai10.txt
T_0000029326.wav,ai,data/processed/ai/T_0000029326_processed.wav,data/transcripts/ai/T_0000029326.txt
T_0000033391.wav,ai,data/processed/ai/T_0000033391_processed.wav,data/transcripts/ai/T_0000033391.txt
T_0000006302.wav,ai,data/processed/ai/T_0000006302_processed.wav,data/transcripts/ai/T_0000006302.txt
ai28.mp3,ai,data/processed/ai/ai28_processed.wav,data/transcripts/ai/ai28.txt
ai14.mp3,ai,data/processed/ai/ai14_processed.wav,data/transcripts/ai/ai14.txt
T_0000006666.wav,ai,data/processed/ai/T_0000006666_processed.wav,data/transcripts/ai/T_0000006666.txt
T_0000010945.wav,ai,data/processed/ai/T_0000010945_processed.wav,data/transcripts/ai/T_0000010945.txt
T_0000012820.wav,ai,data/processed/ai/T_0000012820_processed.wav,data/transcripts/ai/T_0000012820.txt
T_0000015815.wav,ai,data/processed/ai/T_0000015815_processed.wav,data/transcripts/ai/T_0000015815.txt
T_0000026398.wav,ai,data/processed/ai/T_0000026398_processed.wav,data/transcripts/ai/T_0000026398.txt
T_0000015746.wav,ai,data/processed/ai/T_0000015746_processed.wav,data/transcripts/ai/T_0000015746.txt
T_0000021408.wav,ai,data/processed/ai/T_0000021408_processed.wav,data/transcripts/ai/T_0000021408.txt
T_0000013135.wav,ai,data/processed/ai/T_0000013135_processed.wav,data/transcripts/ai/T_0000013135.txt
ai9.mp3,ai,data/processed/ai/ai9_processed.wav,data/transcripts/ai/ai9.txt
T_0000009810.wav,ai,data/processed/ai/T_0000009810_processed.wav,data/transcripts/ai/T_0000009810.txt
T_0000032878.wav,ai,data/processed/ai/T_0000032878_processed.wav,data/transcripts/ai/T_0000032878.txt
ai8.mp3,ai,data/processed/ai/ai8_processed.wav,data/transcripts/ai/ai8.txt
T_0000026400.wav,ai,data/processed/ai/T_0000026400_processed.wav,data/transcripts/ai/T_0000026400.txt
T_0000006707.wav,ai,data/processed/ai/T_0000006707_processed.wav,data/transcripts/ai/T_0000006707.txt
T_0000031815.wav,ai,data/processed/ai/T_0000031815_processed.wav,data/transcripts/ai/T_0000031815.txt
T_0000015021.wav,ai,data/processed/ai/T_0000015021_processed.wav,data/transcripts/ai/T_0000015021.txt
T_0000020893.wav,ai,data/processed/ai/T_0000020893_processed.wav,data/transcripts/ai/T_0000020893.txt
T_0000003086.wav,ai,data/processed/ai/T_0000003086_processed.wav,data/transcripts/ai/T_0000003086.txt
T_0000025727.wav,ai,data/processed/ai/T_0000025727_processed.wav,data/transcripts/ai/T_0000025727.txt
T_0000005391.wav,ai,data/processed/ai/T_0000005391_processed.wav,data/transcripts/ai/T_0000005391.txt
T_0000035252.wav,ai,data/processed/ai/T_0000035252_processed.wav,data/transcripts/ai/T_0000035252.txt
T_0000012148.wav,ai,data/processed/ai/T_0000012148_processed.wav,data/transcripts/ai/T_0000012148.txt
ai15.mp3,ai,data/processed/ai/ai15_processed.wav,data/transcripts/ai/ai15.txt
T_0000035044.wav,ai,data/processed/ai/T_0000035044_processed.wav,data/transcripts/ai/T_0000035044.txt
ai29.mp3,ai,data/processed/ai/ai29_processed.wav,data/transcripts/ai/ai29.txt
T_0000021796.wav,ai,data/processed/ai/T_0000021796_processed.wav,data/transcripts/ai/T_0000021796.txt
T_0000006473.wav,ai,data/processed/ai/T_0000006473_processed.wav,data/transcripts/ai/T_0000006473.txt
T_0000012360.wav,ai,data/processed/ai/T_0000012360_processed.wav,data/transcripts/ai/T_0000012360.txt
T_0000009754.wav,ai,data/processed/ai/T_0000009754_processed.wav,data/transcripts/ai/T_0000009754.txt
ai17.mp3,ai,data/processed/ai/ai17_processed.wav,data/transcripts/ai/ai17.txt
T_0000009218.wav,ai,data/processed/ai/T_0000009218_processed.wav,data/transcripts/ai/T_0000009218.txt
T_0000002359.wav,ai,data/processed/ai/T_0000002359_processed.wav,data/transcripts/ai/T_0000002359.txt
T_0000026204.wav,ai,data/processed/ai/T_0000026204_processed.wav,data/transcripts/ai/T_0000026204.txt
T_0000034947.wav,ai,data/processed/ai/T_0000034947_processed.wav,data/transcripts/ai/T_0000034947.txt
T_0000012016.wav,ai,data/processed/ai/T_0000012016_processed.wav,data/transcripts/ai/T_0000012016.txt
T_0000015584.wav,ai,data/processed/ai/T_0000015584_processed.wav,data/transcripts/ai/T_0000015584.txt
T_0000018089.wav,ai,data/processed/ai/T_0000018089_processed.wav,data/transcripts/ai/T_0000018089.txt
T_0000007624.wav,ai,data/processed/ai/T_0000007624_processed.wav,data/transcripts/ai/T_0000007624.txt
T_0000029056.wav,ai,data/processed/ai/T_0000029056_processed.wav,data/transcripts/ai/T_0000029056.txt
T_0000034775.wav,ai,data/processed/ai/T_0000034775_processed.wav,data/transcripts/ai/T_0000034775.txt
T_0000010984.wav,ai,data/processed/ai/T_0000010984_processed.wav,data/transcripts/ai/T_0000010984.txt
T_0000023396.wav,ai,data/processed/ai/T_0000023396_processed.wav,data/transcripts/ai/T_0000023396.txt
ai16.mp3,ai,data/processed/ai/ai16_processed.wav,data/transcripts/ai/ai16.txt
T_0000020338.wav,ai,data/processed/ai/T_0000020338_processed.wav,data/transcripts/ai/T_0000020338.txt
T_0000028764.wav,ai,data/processed/ai/T_0000028764_processed.wav,data/transcripts/ai/T_0000028764.txt
T_0000029435.wav,ai,data/processed/ai/T_0000029435_processed.wav,data/transcripts/ai/T_0000029435.txt
T_0000015657.wav,ai,data/processed/ai/T_0000015657_processed.wav,data/transcripts/ai/T_0000015657.txt
T_0000003343.wav,ai,data/processed/ai/T_0000003343_processed.wav,data/transcripts/ai/T_0000003343.txt
T_0000034262.wav,ai,data/processed/ai/T_0000034262_processed.wav,data/transcripts/ai/T_0000034262.txt
T_0000023045.wav,ai,data/processed/ai/T_0000023045_processed.wav,data/transcripts/ai/T_0000023045.txt
T_0000011785.wav,ai,data/processed/ai/T_0000011785_processed.wav,data/transcripts/ai/T_0000011785.txt
T_0000022401.wav,ai,data/processed/ai/T_0000022401_processed.wav,data/transcripts/ai/T_0000022401.txt
T_0000007642.wav,ai,data/processed/ai/T_0000007642_processed.wav,data/transcripts/ai/T_0000007642.txt
T_0000030950.wav,ai,data/processed/ai/T_0000030950_processed.wav,data/transcripts/ai/T_0000030950.txt
T_0000012273.wav,ai,data/processed/ai/T_0000012273_processed.wav,data/transcripts/ai/T_0000012273.txt
T_0000035431.wav,ai,data/processed/ai/T_0000035431_processed.wav,data/transcripts/ai/T_0000035431.txt
T_0000033068.wav,ai,data/processed/ai/T_0000033068_processed.wav,data/transcripts/ai/T_0000033068.txt
T_0000008954.wav,ai,data/processed/ai/T_0000008954_processed.wav,data/transcripts/ai/T_0000008954.txt
T_0000000475.wav,ai,data/processed/ai/T_0000000475_processed.wav,data/transcripts/ai/T_0000000475.txt
T_0000023333.wav,ai,data/processed/ai/T_0000023333_processed.wav,data/transcripts/ai/T_0000023333.txt
T_0000035551.wav,ai,data/processed/ai/T_0000035551_processed.wav,data/transcripts/ai/T_0000035551.txt
T_0000022011.wav,ai,data/processed/ai/T_0000022011_processed.wav,data/transcripts/ai/T_0000022011.txt
T_0000003593.wav,ai,data/processed/ai/T_0000003593_processed.wav,data/transcripts/ai/T_0000003593.txt
T_0000007044.wav,ai,data/processed/ai/T_0000007044_processed.wav,data/transcripts/ai/T_0000007044.txt
T_0000028925.wav,ai,data/processed/ai/T_0000028925_processed.wav,data/transcripts/ai/T_0000028925.txt
T_0000021917.wav,ai,data/processed/ai/T_0000021917_processed.wav,data/transcripts/ai/T_0000021917.txt
T_0000035786.wav,ai,data/processed/ai/T_0000035786_processed.wav,data/transcripts/ai/T_0000035786.txt
T_0000013966.wav,ai,data/processed/ai/T_0000013966_processed.wav,data/transcripts/ai/T_0000013966.txt
T_0000017902.wav,ai,data/processed/ai/T_0000017902_processed.wav,data/transcripts/ai/T_0000017902.txt
T_0000012846.wav,ai,data/processed/ai/T_0000012846_processed.wav,data/transcripts/ai/T_0000012846.txt
T_0000036112.wav,ai,data/processed/ai/T_0000036112_processed.wav,data/transcripts/ai/T_0000036112.txt
T_0000008214.wav,ai,data/processed/ai/T_0000008214_processed.wav,data/transcripts/ai/T_0000008214.txt
T_0000021862.wav,ai,data/processed/ai/T_0000021862_processed.wav,data/transcripts/ai/T_0000021862.txt
T_0000025621.wav,ai,data/processed/ai/T_0000025621_processed.wav,data/transcripts/ai/T_0000025621.txt
T_0000003619.wav,ai,data/processed/ai/T_0000003619_processed.wav,data/transcripts/ai/T_0000003619.txt
T_0000004162.wav,ai,data/processed/ai/T_0000004162_processed.wav,data/transcripts/ai/T_0000004162.txt
T_0000011802.wav,ai,data/processed/ai/T_0000011802_processed.wav,data/transcripts/ai/T_0000011802.txt
T_0000032003.wav,ai,data/processed/ai/T_0000032003_processed.wav,data/transcripts/ai/T_0000032003.txt
T_0000001422.wav,ai,data/processed/ai/T_0000001422_processed.wav,data/transcripts/ai/T_0000001422.txt
T_0000008360.wav,ai,data/processed/ai/T_0000008360_processed.wav,data/transcripts/ai/T_0000008360.txt
T_0000006375.wav,ai,data/processed/ai/T_0000006375_processed.wav,data/transcripts/ai/T_0000006375.txt
T_0000019719.wav,ai,data/processed/ai/T_0000019719_processed.wav,data/transcripts/ai/T_0000019719.txt
T_0000023297.wav,ai,data/processed/ai/T_0000023297_processed.wav,data/transcripts/ai/T_0000023297.txt
T_0000033906.wav,ai,data/processed/ai/T_0000033906_processed.wav,data/transcripts/ai/T_0000033906.txt
T_0000003345.wav,ai,data/processed/ai/T_0000003345_processed.wav,data/transcripts/ai/T_0000003345.txt
T_0000011796.wav,ai,data/processed/ai/T_0000011796_processed.wav,data/transcripts/ai/T_0000011796.txt
T_0000006598.wav,ai,data/processed/ai/T_0000006598_processed.wav,data/transcripts/ai/T_0000006598.txt
T_0000004365.wav,ai,data/processed/ai/T_0000004365_processed.wav,data/transcripts/ai/T_0000004365.txt
T_0000001976.wav,ai,data/processed/ai/T_0000001976_processed.wav,data/transcripts/ai/T_0000001976.txt
T_0000032364.wav,ai,data/processed/ai/T_0000032364_processed.wav,data/transcripts/ai/T_0000032364.txt
T_0000001989.wav,ai,data/processed/ai/T_0000001989_processed.wav,data/transcripts/ai/T_0000001989.txt
T_0000034926.wav,ai,data/processed/ai/T_0000034926_processed.wav,data/transcripts/ai/T_0000034926.txt
T_0000033640.wav,ai,data/processed/ai/T_0000033640_processed.wav,data/transcripts/ai/T_0000033640.txt
T_0000000936.wav,ai,data/processed/ai/T_0000000936_processed.wav,data/transcripts/ai/T_0000000936.txt
T_0000011146.wav,ai,data/processed/ai/T_0000011146_processed.wav,data/transcripts/ai/T_0000011146.txt
T_0000008373.wav,ai,data/processed/ai/T_0000008373_processed.wav,data/transcripts/ai/T_0000008373.txt
T_0000012317.wav,ai,data/processed/ai/T_0000012317_processed.wav,data/transcripts/ai/T_0000012317.txt
ai48.mp3,ai,data/processed/ai/ai48_processed.wav,data/transcripts/ai/ai48.txt
T_0000020158.wav,ai,data/processed/ai/T_0000020158_processed.wav,data/transcripts/ai/T_0000020158.txt
T_0000022997.wav,ai,data/processed/ai/T_0000022997_processed.wav,data/transcripts/ai/T_0000022997.txt
T_0000017910.wav,ai,data/processed/ai/T_0000017910_processed.wav,data/transcripts/ai/T_0000017910.txt
T_0000028538.wav,ai,data/processed/ai/T_0000028538_processed.wav,data/transcripts/ai/T_0000028538.txt
T_0000012713.wav,ai,data/processed/ai/T_0000012713_processed.wav,data/transcripts/ai/T_0000012713.txt
T_0000017119.wav,ai,data/processed/ai/T_0000017119_processed.wav,data/transcripts/ai/T_0000017119.txt
T_0000000303.wav,ai,data/processed/ai/T_0000000303_processed.wav,data/transcripts/ai/T_0000000303.txt
T_0000027757.wav,ai,data/processed/ai/T_0000027757_processed.wav,data/transcripts/ai/T_0000027757.txt
T_0000013394.wav,ai,data/processed/ai/T_0000013394_processed.wav,data/transcripts/ai/T_0000013394.txt
T_0000032831.wav,ai,data/processed/ai/T_0000032831_processed.wav,data/transcripts/ai/T_0000032831.txt
T_0000026893.wav,ai,data/processed/ai/T_0000026893_processed.wav,data/transcripts/ai/T_0000026893.txt
T_0000009681.wav,ai,data/processed/ai/T_0000009681_processed.wav,data/transcripts/ai/T_0000009681.txt
T_0000027554.wav,ai,data/processed/ai/T_0000027554_processed.wav,data/transcripts/ai/T_0000027554.txt
T_0000024934.wav,ai,data/processed/ai/T_0000024934_processed.wav,data/transcripts/ai/T_0000024934.txt
T_0000036115.wav,ai,data/processed/ai/T_0000036115_processed.wav,data/transcripts/ai/T_0000036115.txt
T_0000003838.wav,ai,data/processed/ai/T_0000003838_processed.wav,data/transcripts/ai/T_0000003838.txt
T_0000035391.wav,ai,data/processed/ai/T_0000035391_processed.wav,data/transcripts/ai/T_0000035391.txt
T_0000033469.wav,ai,data/processed/ai/T_0000033469_processed.wav,data/transcripts/ai/T_0000033469.txt
ai49.mp3,ai,data/processed/ai/ai49_processed.wav,data/transcripts/ai/ai49.txt
T_0000021051.wav,ai,data/processed/ai/T_0000021051_processed.wav,data/transcripts/ai/T_0000021051.txt
T_0000001430.wav,ai,data/processed/ai/T_0000001430_processed.wav,data/transcripts/ai/T_0000001430.txt
T_0000017246.wav,ai,data/processed/ai/T_0000017246_processed.wav,data/transcripts/ai/T_0000017246.txt
T_0000019272.wav,ai,data/processed/ai/T_0000019272_processed.wav,data/transcripts/ai/T_0000019272.txt
T_0000005667.wav,ai,data/processed/ai/T_0000005667_processed.wav,data/transcripts/ai/T_0000005667.txt
ai50.mp3,ai,data/processed/ai/ai50_processed.wav,data/transcripts/ai/ai50.txt
ai44.mp3,ai,data/processed/ai/ai44_processed.wav,data/transcripts/ai/ai44.txt
T_0000034848.wav,ai,data/processed/ai/T_0000034848_processed.wav,data/transcripts/ai/T_0000034848.txt
T_0000008814.wav,ai,data/processed/ai/T_0000008814_processed.wav,data/transcripts/ai/T_0000008814.txt
T_0000027175.wav,ai,data/processed/ai/T_0000027175_processed.wav,data/transcripts/ai/T_0000027175.txt
T_0000027968.wav,ai,data/processed/ai/T_0000027968_processed.wav,data/transcripts/ai/T_0000027968.txt
T_0000017840.wav,ai,data/processed/ai/T_0000017840_processed.wav,data/transcripts/ai/T_0000017840.txt
T_0000033060.wav,ai,data/processed/ai/T_0000033060_processed.wav,data/transcripts/ai/T_0000033060.txt
T_0000033712.wav,ai,data/processed/ai/T_0000033712_processed.wav,data/transcripts/ai/T_0000033712.txt
T_0000023924.wav,ai,data/processed/ai/T_0000023924_processed.wav,data/transcripts/ai/T_0000023924.txt
T_0000024904.wav,ai,data/processed/ai/T_0000024904_processed.wav,data/transcripts/ai/T_0000024904.txt
T_0000009302.wav,ai,data/processed/ai/T_0000009302_processed.wav,data/transcripts/ai/T_0000009302.txt
T_0000008829.wav,ai,data/processed/ai/T_0000008829_processed.wav,data/transcripts/ai/T_0000008829.txt
T_0000003968.wav,ai,data/processed/ai/T_0000003968_processed.wav,data/transcripts/ai/T_0000003968.txt
T_0000034861.wav,ai,data/processed/ai/T_0000034861_processed.wav,data/transcripts/ai/T_0000034861.txt
T_0000013548.wav,ai,data/processed/ai/T_0000013548_processed.wav,data/transcripts/ai/T_0000013548.txt
T_0000015893.wav,ai,data/processed/ai/T_0000015893_processed.wav,data/transcripts/ai/T_0000015893.txt
T_0000034336.wav,ai,data/processed/ai/T_0000034336_processed.wav,data/transcripts/ai/T_0000034336.txt
ai45.mp3,ai,data/processed/ai/ai45_processed.wav,data/transcripts/ai/ai45.txt
T_0000014794.wav,ai,data/processed/ai/T_0000014794_processed.wav,data/transcripts/ai/T_0000014794.txt
T_0000004550.wav,ai,data/processed/ai/T_0000004550_processed.wav,data/transcripts/ai/T_0000004550.txt
T_0000012332.wav,ai,data/processed/ai/T_0000012332_processed.wav,data/transcripts/ai/T_0000012332.txt
ai47.mp3,ai,data/processed/ai/ai47_processed.wav,data/transcripts/ai/ai47.txt
T_0000007503.wav,ai,data/processed/ai/T_0000007503_processed.wav,data/transcripts/ai/T_0000007503.txt
T_0000010080.wav,ai,data/processed/ai/T_0000010080_processed.wav,data/transcripts/ai/T_0000010080.txt
T_0000000330.wav,ai,data/processed/ai/T_0000000330_processed.wav,data/transcripts/ai/T_0000000330.txt
T_0000021664.wav,ai,data/processed/ai/T_0000021664_processed.wav,data/transcripts/ai/T_0000021664.txt
T_0000029984.wav,ai,data/processed/ai/T_0000029984_processed.wav,data/transcripts/ai/T_0000029984.txt
T_0000034916.wav,ai,data/processed/ai/T_0000034916_processed.wav,data/transcripts/ai/T_0000034916.txt
T_0000011214.wav,ai,data/processed/ai/T_0000011214_processed.wav,data/transcripts/ai/T_0000011214.txt
T_0000018218.wav,ai,data/processed/ai/T_0000018218_processed.wav,data/transcripts/ai/T_0000018218.txt
T_0000012669.wav,ai,data/processed/ai/T_0000012669_processed.wav,data/transcripts/ai/T_0000012669.txt
T_0000009513.wav,ai,data/processed/ai/T_0000009513_processed.wav,data/transcripts/ai/T_0000009513.txt
T_0000033300.wav,ai,data/processed/ai/T_0000033300_processed.wav,data/transcripts/ai/T_0000033300.txt
ai46.mp3,ai,data/processed/ai/ai46_processed.wav,data/transcripts/ai/ai46.txt
T_0000021089.wav,ai,data/processed/ai/T_0000021089_processed.wav,data/transcripts/ai/T_0000021089.txt
T_0000019502.wav,ai,data/processed/ai/T_0000019502_processed.wav,data/transcripts/ai/T_0000019502.txt
ai42.mp3,ai,data/processed/ai/ai42_processed.wav,data/transcripts/ai/ai42.txt
T_0000006142.wav,ai,data/processed/ai/T_0000006142_processed.wav,data/transcripts/ai/T_0000006142.txt
T_0000033674.wav,ai,data/processed/ai/T_0000033674_processed.wav,data/transcripts/ai/T_0000033674.txt
T_0000029610.wav,ai,data/processed/ai/T_0000029610_processed.wav,data/transcripts/ai/T_0000029610.txt
T_0000034912.wav,ai,data/processed/ai/T_0000034912_processed.wav,data/transcripts/ai/T_0000034912.txt
T_0000021310.wav,ai,data/processed/ai/T_0000021310_processed.wav,data/transcripts/ai/T_0000021310.txt
T_0000025162.wav,ai,data/processed/ai/T_0000025162_processed.wav,data/transcripts/ai/T_0000025162.txt
T_0000019300.wav,ai,data/processed/ai/T_0000019300_processed.wav,data/transcripts/ai/T_0000019300.txt
T_0000012296.wav,ai,data/processed/ai/T_0000012296_processed.wav,data/transcripts/ai/T_0000012296.txt
T_0000021891.wav,ai,data/processed/ai/T_0000021891_processed.wav,data/transcripts/ai/T_0000021891.txt
T_0000023076.wav,ai,data/processed/ai/T_0000023076_processed.wav,data/transcripts/ai/T_0000023076.txt
T_0000011577.wav,ai,data/processed/ai/T_0000011577_processed.wav,data/transcripts/ai/T_0000011577.txt
T_0000028296.wav,ai,data/processed/ai/T_0000028296_processed.wav,data/transcripts/ai/T_0000028296.txt
T_0000001604.wav,ai,data/processed/ai/T_0000001604_processed.wav,data/transcripts/ai/T_0000001604.txt
T_0000011365.wav,ai,data/processed/ai/T_0000011365_processed.wav,data/transcripts/ai/T_0000011365.txt
T_0000024645.wav,ai,data/processed/ai/T_0000024645_processed.wav,data/transcripts/ai/T_0000024645.txt
ai43.mp3,ai,data/processed/ai/ai43_processed.wav,data/transcripts/ai/ai43.txt
T_0000035006.wav,ai,data/processed/ai/T_0000035006_processed.wav,data/transcripts/ai/T_0000035006.txt
T_0000018180.wav,ai,data/processed/ai/T_0000018180_processed.wav,data/transcripts/ai/T_0000018180.txt
T_0000018619.wav,ai,data/processed/ai/T_0000018619_processed.wav,data/transcripts/ai/T_0000018619.txt
T_0000011601.wav,ai,data/processed/ai/T_0000011601_processed.wav,data/transcripts/ai/T_0000011601.txt
ai41.mp3,ai,data/processed/ai/ai41_processed.wav,data/transcripts/ai/ai41.txt
T_0000013216.wav,ai,data/processed/ai/T_0000013216_processed.wav,data/transcripts/ai/T_0000013216.txt
T_0000002496.wav,ai,data/processed/ai/T_0000002496_processed.wav,data/transcripts/ai/T_0000002496.txt
T_0000025983.wav,ai,data/processed/ai/T_0000025983_processed.wav,data/transcripts/ai/T_0000025983.txt
T_0000012849.wav,ai,data/processed/ai/T_0000012849_processed.wav,data/transcripts/ai/T_0000012849.txt
T_0000012915.wav,ai,data/processed/ai/T_0000012915_processed.wav,data/transcripts/ai/T_0000012915.txt
T_0000006223.wav,ai,data/processed/ai/T_0000006223_processed.wav,data/transcripts/ai/T_0000006223.txt
T_0000008192.wav,ai,data/processed/ai/T_0000008192_processed.wav,data/transcripts/ai/T_0000008192.txt
T_0000015672.wav,ai,data/processed/ai/T_0000015672_processed.wav,data/transcripts/ai/T_0000015672.txt
ai40.mp3,ai,data/processed/ai/ai40_processed.wav,data/transcripts/ai/ai40.txt
T_0000034441.wav,ai,data/processed/ai/T_0000034441_processed.wav,data/transcripts/ai/T_0000034441.txt
T_0000003212.wav,ai,data/processed/ai/T_0000003212_processed.wav,data/transcripts/ai/T_0000003212.txt
ai33.mp3,ai,data/processed/ai/ai33_processed.wav,data/transcripts/ai/ai33.txt
T_0000022536.wav,ai,data/processed/ai/T_0000022536_processed.wav,data/transcripts/ai/T_0000022536.txt
ai27.mp3,ai,data/processed/ai/ai27_processed.wav,data/transcripts/ai/ai27.txt
T_0000018682.wav,ai,data/processed/ai/T_0000018682_processed.wav,data/transcripts/ai/T_0000018682.txt
T_0000006641.wav,ai,data/processed/ai/T_0000006641_processed.wav,data/transcripts/ai/T_0000006641.txt
T_0000009572.wav,ai,data/processed/ai/T_0000009572_processed.wav,data/transcripts/ai/T_0000009572.txt
T_0000001099.wav,ai,data/processed/ai/T_0000001099_processed.wav,data/transcripts/ai/T_0000001099.txt
T_0000032309.wav,ai,data/processed/ai/T_0000032309_processed.wav,data/transcripts/ai/T_0000032309.txt
ai6.mp3,ai,data/processed/ai/ai6_processed.wav,data/transcripts/ai/ai6.txt
T_0000018090.wav,ai,data/processed/ai/T_0000018090_processed.wav,data/transcripts/ai/T_0000018090.txt
T_0000024740.wav,ai,data/processed/ai/T_0000024740_processed.wav,data/transcripts/ai/T_0000024740.txt
T_0000022331.wav,ai,data/processed/ai/T_0000022331_processed.wav,data/transcripts/ai/T_0000022331.txt
ai7.mp3,ai,data/processed/ai/ai7_processed.wav,data/transcripts/ai/ai7.txt
T_0000025112.wav,ai,data/processed/ai/T_0000025112_processed.wav,data/transcripts/ai/T_0000025112.txt
T_0000004692.wav,ai,data/processed/ai/T_0000004692_processed.wav,data/transcripts/ai/T_0000004692.txt
T_0000036026.wav,ai,data/processed/ai/T_0000036026_processed.wav,data/transcripts/ai/T_0000036026.txt
T_0000030325.wav,ai,data/processed/ai/T_0000030325_processed.wav,data/transcripts/ai/T_0000030325.txt
T_0000034625.wav,ai,data/processed/ai/T_0000034625_processed.wav,data/transcripts/ai/T_0000034625.txt
T_0000010778.wav,ai,data/processed/ai/T_0000010778_processed.wav,data/transcripts/ai/T_0000010778.txt
T_0000016862.wav,ai,data/processed/ai/T_0000016862_processed.wav,data/transcripts/ai/T_0000016862.txt
ai26.mp3,ai,data/processed/ai/ai26_processed.wav,data/transcripts/ai/ai26.txt
ai32.mp3,ai,data/processed/ai/ai32_processed.wav,data/transcripts/ai/ai32.txt
T_0000026790.wav,ai,data/processed/ai/T_0000026790_processed.wav,data/transcripts/ai/T_0000026790.txt
T_0000009029.wav,ai,data/processed/ai/T_0000009029_processed.wav,data/transcripts/ai/T_0000009029.txt
T_0000011672.wav,ai,data/processed/ai/T_0000011672_processed.wav,data/transcripts/ai/T_0000011672.txt
ai24.mp3,ai,data/processed/ai/ai24_processed.wav,data/transcripts/ai/ai24.txt
ai30.mp3,ai,data/processed/ai/ai30_processed.wav,data/transcripts/ai/ai30.txt
ai18.mp3,ai,data/processed/ai/ai18_processed.wav,data/transcripts/ai/ai18.txt
T_0000033404.wav,ai,data/processed/ai/T_0000033404_processed.wav,data/transcripts/ai/T_0000033404.txt
T_0000031561.wav,ai,data/processed/ai/T_0000031561_processed.wav,data/transcripts/ai/T_0000031561.txt
T_0000013529.wav,ai,data/processed/ai/T_0000013529_processed.wav,data/transcripts/ai/T_0000013529.txt
T_0000031950.wav,ai,data/processed/ai/T_0000031950_processed.wav,data/transcripts/ai/T_0000031950.txt
T_0000016479.wav,ai,data/processed/ai/T_0000016479_processed.wav,data/transcripts/ai/T_0000016479.txt
T_0000001059.wav,ai,data/processed/ai/T_0000001059_processed.wav,data/transcripts/ai/T_0000001059.txt
T_0000022125.wav,ai,data/processed/ai/T_0000022125_processed.wav,data/transcripts/ai/T_0000022125.txt
T_0000009161.wav,ai,data/processed/ai/T_0000009161_processed.wav,data/transcripts/ai/T_0000009161.txt
T_0000021835.wav,ai,data/processed/ai/T_0000021835_processed.wav,data/transcripts/ai/T_0000021835.txt
ai5.mp3,ai,data/processed/ai/ai5_processed.wav,data/transcripts/ai/ai5.txt
T_0000016733.wav,ai,data/processed/ai/T_0000016733_processed.wav,data/transcripts/ai/T_0000016733.txt
T_0000024756.wav,ai,data/processed/ai/T_0000024756_processed.wav,data/transcripts/ai/T_0000024756.txt
T_0000014859.wav,ai,data/processed/ai/T_0000014859_processed.wav,data/transcripts/ai/T_0000014859.txt
T_0000018086.wav,ai,data/processed/ai/T_0000018086_processed.wav,data/transcripts/ai/T_0000018086.txt
T_0000001514.wav,ai,data/processed/ai/T_0000001514_processed.wav,data/transcripts/ai/T_0000001514.txt
ai4.mp3,ai,data/processed/ai/ai4_processed.wav,data/transcripts/ai/ai4.txt
T_0000010814.wav,ai,data/processed/ai/T_0000010814_processed.wav,data/transcripts/ai/T_0000010814.txt
T_0000009362.wav,ai,data/processed/ai/T_0000009362_processed.wav,data/transcripts/ai/T_0000009362.txt
ai19.mp3,ai,data/processed/ai/ai19_processed.wav,data/transcripts/ai/ai19.txt
T_0000007950.wav,ai,data/processed/ai/T_0000007950_processed.wav,data/transcripts/ai/T_0000007950.txt
ai31.mp3,ai,data/processed/ai/ai31_processed.wav,data/transcripts/ai/ai31.txt
T_0000026020.wav,ai,data/processed/ai/T_0000026020_processed.wav,data/transcripts/ai/T_0000026020.txt
T_0000005835.wav,ai,data/processed/ai/T_0000005835_processed.wav,data/transcripts/ai/T_0000005835.txt
ai25.mp3,ai,data/processed/ai/ai25_processed.wav,data/transcripts/ai/ai25.txt
T_0000022534.wav,ai,data/processed/ai/T_0000022534_processed.wav,data/transcripts/ai/T_0000022534.txt
T_0000028958.wav,ai,data/processed/ai/T_0000028958_processed.wav,data/transcripts/ai/T_0000028958.txt
T_0000004242.wav,ai,data/processed/ai/T_0000004242_processed.wav,data/transcripts/ai/T_0000004242.txt
T_0000018121.wav,ai,data/processed/ai/T_0000018121_processed.wav,data/transcripts/ai/T_0000018121.txt
ai21.mp3,ai,data/processed/ai/ai21_processed.wav,data/transcripts/ai/ai21.txt
ai35.mp3,ai,data/processed/ai/ai35_processed.wav,data/transcripts/ai/ai35.txt
T_0000029129.wav,ai,data/processed/ai/T_0000029129_processed.wav,data/transcripts/ai/T_0000029129.txt
T_0000024425.wav,ai,data/processed/ai/T_0000024425_processed.wav,data/transcripts/ai/T_0000024425.txt
T_0000029667.wav,ai,data/processed/ai/T_0000029667_processed.wav,data/transcripts/ai/T_0000029667.txt
T_0000004118.wav,ai,data/processed/ai/T_0000004118_processed.wav,data/transcripts/ai/T_0000004118.txt
T_0000001060.wav,ai,data/processed/ai/T_0000001060_processed.wav,data/transcripts/ai/T_0000001060.txt
T_0000019820.wav,ai,data/processed/ai/T_0000019820_processed.wav,data/transcripts/ai/T_0000019820.txt
T_0000007388.wav,ai,data/processed/ai/T_0000007388_processed.wav,data/transcripts/ai/T_0000007388.txt
T_0000025465.wav,ai,data/processed/ai/T_0000025465_processed.wav,data/transcripts/ai/T_0000025465.txt
T_0000025303.wav,ai,data/processed/ai/T_0000025303_processed.wav,data/transcripts/ai/T_0000025303.txt
T_0000024035.wav,ai,data/processed/ai/T_0000024035_processed.wav,data/transcripts/ai/T_0000024035.txt
T_0000035886.wav,ai,data/processed/ai/T_0000035886_processed.wav,data/transcripts/ai/T_0000035886.txt
T_0000005789.wav,ai,data/processed/ai/T_0000005789_processed.wav,data/transcripts/ai/T_0000005789.txt
T_0000036342.wav,ai,data/processed/ai/T_0000036342_processed.wav,data/transcripts/ai/T_0000036342.txt
T_0000023983.wav,ai,data/processed/ai/T_0000023983_processed.wav,data/transcripts/ai/T_0000023983.txt
T_0000034227.wav,ai,data/processed/ai/T_0000034227_processed.wav,data/transcripts/ai/T_0000034227.txt
T_0000000814.wav,ai,data/processed/ai/T_0000000814_processed.wav,data/transcripts/ai/T_0000000814.txt
T_0000033212.wav,ai,data/processed/ai/T_0000033212_processed.wav,data/transcripts/ai/T_0000033212.txt
ai1.mp3,ai,data/processed/ai/ai1_processed.wav,data/transcripts/ai/ai1.txt
T_0000012948.wav,ai,data/processed/ai/T_0000012948_processed.wav,data/transcripts/ai/T_0000012948.txt
T_0000022121.wav,ai,data/processed/ai/T_0000022121_processed.wav,data/transcripts/ai/T_0000022121.txt
T_0000012155.wav,ai,data/processed/ai/T_0000012155_processed.wav,data/transcripts/ai/T_0000012155.txt
T_0000022928.wav,ai,data/processed/ai/T_0000022928_processed.wav,data/transcripts/ai/T_0000022928.txt
T_0000027688.wav,ai,data/processed/ai/T_0000027688_processed.wav,data/transcripts/ai/T_0000027688.txt
T_0000008125.wav,ai,data/processed/ai/T_0000008125_processed.wav,data/transcripts/ai/T_0000008125.txt
ai34.mp3,ai,data/processed/ai/ai34_processed.wav,data/transcripts/ai/ai34.txt
ai20.mp3,ai,data/processed/ai/ai20_processed.wav,data/transcripts/ai/ai20.txt
T_0000026019.wav,ai,data/processed/ai/T_0000026019_processed.wav,data/transcripts/ai/T_0000026019.txt
T_0000021979.wav,ai,data/processed/ai/T_0000021979_processed.wav,data/transcripts/ai/T_0000021979.txt
T_0000032907.wav,ai,data/processed/ai/T_0000032907_processed.wav,data/transcripts/ai/T_0000032907.txt
ai36.mp3,ai,data/processed/ai/ai36_processed.wav,data/transcripts/ai/ai36.txt
T_0000020442.wav,ai,data/processed/ai/T_0000020442_processed.wav,data/transcripts/ai/T_0000020442.txt
ai22.mp3,ai,data/processed/ai/ai22_processed.wav,data/transcripts/ai/ai22.txt
T_0000018452.wav,ai,data/processed/ai/T_0000018452_processed.wav,data/transcripts/ai/T_0000018452.txt
T_0000003066.wav,ai,data/processed/ai/T_0000003066_processed.wav,data/transcripts/ai/T_0000003066.txt
T_0000014240.wav,ai,data/processed/ai/T_0000014240_processed.wav,data/transcripts/ai/T_0000014240.txt
T_0000019943.wav,ai,data/processed/ai/T_0000019943_processed.wav,data/transcripts/ai/T_0000019943.txt
T_0000036036.wav,ai,data/processed/ai/T_0000036036_processed.wav,data/transcripts/ai/T_0000036036.txt
T_0000025738.wav,ai,data/processed/ai/T_0000025738_processed.wav,data/transcripts/ai/T_0000025738.txt
T_0000019823.wav,ai,data/processed/ai/T_0000019823_processed.wav,data/transcripts/ai/T_0000019823.txt
T_0000003847.wav,ai,data/processed/ai/T_0000003847_processed.wav,data/transcripts/ai/T_0000003847.txt
ai3.mp3,ai,data/processed/ai/ai3_processed.wav,data/transcripts/ai/ai3.txt
T_0000032127.wav,ai,data/processed/ai/T_0000032127_processed.wav,data/transcripts/ai/T_0000032127.txt
ai2.mp3,ai,data/processed/ai/ai2_processed.wav,data/transcripts/ai/ai2.txt
T_0000012208.wav,ai,data/processed/ai/T_0000012208_processed.wav,data/transcripts/ai/T_0000012208.txt
T_0000008907.wav,ai,data/processed/ai/T_0000008907_processed.wav,data/transcripts/ai/T_0000008907.txt
T_0000034026.wav,ai,data/processed/ai/T_0000034026_processed.wav,data/transcripts/ai/T_0000034026.txt
T_0000025659.wav,ai,data/processed/ai/T_0000025659_processed.wav,data/transcripts/ai/T_0000025659.txt
T_0000032443.wav,ai,data/processed/ai/T_0000032443_processed.wav,data/transcripts/ai/T_0000032443.txt
T_0000032319.wav,ai,data/processed/ai/T_0000032319_processed.wav,data/transcripts/ai/T_0000032319.txt
T_0000003649.wav,ai,data/processed/ai/T_0000003649_processed.wav,data/transcripts/ai/T_0000003649.txt
T_0000001704.wav,ai,data/processed/ai/T_0000001704_processed.wav,data/transcripts/ai/T_0000001704.txt
T_0000029881.wav,ai,data/processed/ai/T_0000029881_processed.wav,data/transcripts/ai/T_0000029881.txt
T_0000027660.wav,ai,data/processed/ai/T_0000027660_processed.wav,data/transcripts/ai/T_0000027660.txt
T_0000020872.wav,ai,data/processed/ai/T_0000020872_processed.wav,data/transcripts/ai/T_0000020872.txt
ai23.mp3,ai,data/processed/ai/ai23_processed.wav,data/transcripts/ai/ai23.txt
ai37.mp3,ai,data/processed/ai/ai37_processed.wav,data/transcripts/ai/ai37.txt
T_0000010594.wav,ai,data/processed/ai/T_0000010594_processed.wav,data/transcripts/ai/T_0000010594.txt
T_0000026967.wav,ai,data/processed/ai/T_0000026967_processed.wav,data/transcripts/ai/T_0000026967.txt
T_0000001466.wav,ai,data/processed/ai/T_0000001466_processed.wav,data/transcripts/ai/T_0000001466.txt
